NO_MUNICIPIO;CO_MUNICIPIO;NO_ENTIDADE;CO_ENTIDADE;TP_LOCALIZACAO;TP_LOCALIZACAO_DIFERENCIADA;IN_ENERGIA_REDE_PUBLICA;IN_ENERGIA_GERADOR_FOSSIL;IN_ENERGIA_RENOVAVEL;IN_ENERGIA_INEXISTENTE;IN_ESGOTO_REDE_PUBLICA;IN_ESGOTO_FOSSA_SEPTICA;IN_ESGOTO_FOSSA_COMUM;IN_ESGOTO_INEXISTENTE;IN_LIXO_QUEIMA;IN_TRATAMENTO_LIXO_SEPARACAO;QT_MAT_BAS;QT_DOC_BAS;COORDENADAS_LAT;COORDENADAS_LON
Concórdia;4204301;IFC - CAMPUS CONCORDIA;42048230;1;0;1;1;1;0;0;1;0;0;0;1;559;73;-27.20421706;-52.08314534
Lindóia do Sul;4209854;NUCLEO DE EDUCACAO 15 DE NOVEMBRO;42048532;2;0;1;0;0;0;0;1;0;0;0;1;41;7;-27.09005766;-52.03546812
Lindóia do Sul;4209854;EEB PE IZIDORO BENJAMIM MORO;42048648;1;0;1;0;0;0;0;1;0;0;0;0;322;27;-27.05237288;-52.08198505
Concórdia;4204301;EEB PROF OLAVO CECCO RIGON;42048656;1;0;1;0;0;0;1;1;0;0;0;0;875;66;-27.23337333;-52.022605
Canelinha;4203709;EIEF KUARAY PAPA;42048710;2;2;1;0;0;0;0;0;0;1;0;0;27;5;;
Concórdia;4204301;EEB PROF MANSUETO BOFF;42048729;1;0;1;0;0;0;1;1;0;0;0;0;581;49;-27.230345;-52.01438167
Concórdia;4204301;EEB ELIDIA MARIA BIEZUS;42048737;2;0;1;0;0;0;0;1;0;0;0;1;134;16;-27.26593258;-51.9082197
Concórdia;4204301;EBM PARQUE DE EXPOSICOES;42049032;1;0;1;0;0;0;1;0;0;0;0;1;350;24;-27.22694441;-52.00389681
Concórdia;4204301;EEB DEODORO;42049091;1;0;1;0;0;0;1;0;0;0;0;1;778;42;-27.2306066;-52.0232053
Concórdia;4204301;EEB DOGELLO GOSS;42049105;2;0;1;0;0;0;0;1;0;0;0;1;120;20;-27.28682246;-51.87045927
Concórdia;4204301;EBM IRMAO MIGUEL;42049130;1;0;1;0;0;0;1;1;0;0;0;1;293;30;-27.24520045;-51.95536301
Presidente Castello Branco;4213906;ESCOLA MUNICIPAL TAQUARAL;42049245;2;0;1;0;0;0;0;1;0;0;0;1;25;7;;
Presidente Castello Branco;4213906;EEB DOIS IRMAOS;42049253;1;0;1;0;0;0;0;1;0;0;0;1;133;14;-27.22167396;-51.80962393
Concórdia;4204301;EEF FRANCISCO BAGATINI;42049300;2;0;1;0;0;0;0;1;0;0;0;1;78;13;-27.28659159;-52.08751361
Concórdia;4204301;GEM NOVA BRASILIA;42049555;1;0;1;0;0;0;1;1;0;0;0;1;171;23;;
Concórdia;4204301;EEB DOMINGOS MAGARINOS;42049652;1;0;1;0;0;0;0;1;0;0;0;0;221;23;-27.30434089;-51.99545735
Concórdia;4204301;EEB SAO JOAO BATISTA DE LA SALLE;42049660;1;0;1;0;0;0;1;0;0;0;0;1;592;50;-27.23938;-52.03946667
Alto Bela Vista;4200754;EEB TEIXEIRA DE FREITAS;42049679;1;0;1;0;0;0;0;0;1;0;0;1;141;16;-27.43231642;-51.90795422
Concórdia;4204301;EEB WALTER FONTANA;42049695;1;0;1;0;0;0;0;1;0;0;0;1;543;46;-27.23873;-52.032665
Concórdia;4204301;EBM GIUSEPPE SETTE;42049709;1;0;1;0;0;0;0;1;0;0;0;1;678;43;-27.24651833;-52.02192833
Peritiba;4212601;EEB IRMA ANUNCIATA SPERANDIO;42049725;1;0;1;0;0;0;1;0;0;0;0;1;234;27;-27.37209667;-51.90407
Presidente Castello Branco;4213906;CENTRO MUNICIPAL EDUCACAO INFANTIL ACALANTO;42049822;1;0;1;0;0;0;0;1;0;0;0;1;52;10;-27.22241248;-51.80964706
Ipumirim;4207700;NUCLEO EDUCACIONAL MUNICIPAL PROFESSOR CLAUDINO LOCATELLI;42049830;1;0;1;0;0;0;0;1;0;0;0;1;541;46;-27.07365072;-52.13591943
Ipumirim;4207700;NEM PREFEITO ISIDORO GIACOMO SAVARIS;42049865;2;0;1;0;0;0;0;1;0;0;0;1;81;11;-27.06310833;-52.18353333
Ipumirim;4207700;EEF PREF ISIDORO GIACOMO SAVARIS;42049911;2;0;1;0;0;0;0;1;0;0;0;1;34;9;-27.06309833;-52.18357
Ipumirim;4207700;EEB ORIDES ROVANI;42049920;2;0;1;0;0;0;0;1;0;0;0;0;70;14;-26.99569644;-52.22730504
Ipumirim;4207700;NUCLEO EDUC MUN PROFESSOR JOAO JACOB NICODEM;42050227;2;0;1;0;0;0;0;1;0;0;0;0;35;6;-27.0913372;-52.09755002
Ipumirim;4207700;EEB BENJAMIM CARVALHO DE OLIVEIRA;42050243;1;0;1;0;0;0;0;0;1;0;0;0;342;33;-27.0753338;-52.1340596
Seara;4217501;CEI MUN CINDERELA;42050278;1;0;1;0;0;0;1;0;0;0;0;1;111;9;-27.1506769;-52.3089646
Arvoredo;4201653;CENTRO MUNICIPAL DE EDUCACAO INFANTIL PINGO DE GENTE;42050286;1;0;1;0;0;0;0;1;0;0;0;1;132;18;-27.0749221;-52.4585809
Seara;4217501;ESC NUCLEO MUN CARAIBA;42050294;2;0;1;0;0;0;0;1;0;0;0;1;115;11;-27.2148241;-52.3261891
Seara;4217501;CEI MUN DONA ILSE;42050308;1;0;1;0;0;0;1;0;0;0;0;1;313;28;-27.1609579;-52.3203439
Seara;4217501;EEB ELISABETHE MATILDE SIMON;42050316;2;0;1;0;0;0;0;0;1;0;1;0;80;15;-27.16361333;-52.4241
Seara;4217501;EEF BATISTA PALUDO;42050324;2;0;1;0;0;0;0;0;0;1;0;0;45;10;-27.21454665;-52.32579652
Arvoredo;4201653;EEB PROF BENTA CARDOSO;42050340;1;0;1;0;0;0;0;1;0;0;1;0;233;17;-27.07705167;-52.455885
Seara;4217501;EIEF CACIQUE PIRA;42050774;2;2;1;0;0;0;0;0;1;0;1;1;11;3;-27.14222667;-52.444585
Seara;4217501;ESC MUN NUCLEO DEOLINDO ZILIO;42050804;2;0;1;0;0;0;1;1;0;0;0;1;352;26;-27.1380575;-52.325739
Seara;4217501;ESC NUCLEO MUN SAO RAFAEL;42050880;2;0;1;0;0;0;0;1;0;0;0;1;101;17;-27.0843909;-52.2854962
Seara;4217501;EEB RAIMUNDO CORREA;42050898;1;0;1;0;0;0;1;1;0;0;0;1;663;43;-27.1506441;-52.3043062
Seara;4217501;EEB ROSINA NARDI;42050901;1;0;1;0;0;0;1;0;0;0;0;1;287;32;-27.164611;-52.323231
Seara;4217501;EEB SEARA;42050944;1;0;1;0;0;0;1;0;0;0;0;1;685;43;-27.16113667;-52.31856833
Ipira;4207601;CENTRO DE EDUCACAO INFANTIL CHAPEUZINHO VERMELHO;42050952;1;0;1;0;0;0;0;1;0;0;0;0;93;13;-27.40175;-51.77858
Imbituba;4207304;DORACI DE SOUZA SPILLERE;42051118;1;0;1;0;0;0;1;1;0;0;0;1;45;9;-28.127925;-48.69035167
Ipira;4207601;EEB CARLOS FRIES;42051169;1;0;1;0;0;0;0;1;0;0;0;1;137;17;-27.40271884;-51.77824459
Piratuba;4213104;CEI PASSINHO INICIAL;42051177;1;0;1;0;0;0;0;1;0;0;0;1;266;35;;
Piratuba;4213104;ER PROFESSOR RODOLFO HOLEVEGER;42051185;2;0;1;0;0;0;0;1;0;0;0;1;46;7;-27.4684467;-51.7229256
Piratuba;4213104;EMR ZONALTA;42051363;2;0;1;0;0;0;0;1;0;0;0;1;56;10;-27.4721559;-51.79711872
Piratuba;4213104;EEB CARLOS CHAGAS;42051371;1;0;1;0;0;0;1;1;0;0;0;0;190;15;-27.4213177;-51.7760723
Piratuba;4213104;EM MARECHAL CAMARA;42051380;2;0;1;0;0;0;0;1;0;0;1;1;49;9;-27.44627167;-51.85995333
Imbituba;4207304;CEI JUCI DE SOUZA DOS SANTOS;42051398;1;0;1;0;0;0;0;0;1;0;0;1;63;9;-28.16823833;-48.66829833
Itá;4208005;CENTRO DE EDUCACAO INFANTIL CANTINHO DA PEDRITA;42051410;1;0;1;0;1;0;1;0;0;0;0;0;197;21;-27.2695321;-52.355881
Paial;4211876;EEB FRANCISCO MACIEL BAGESTON;42051444;1;0;1;0;0;0;0;0;1;0;0;1;143;14;-27.25611974;-52.4989219
Itá;4208005;EEF PROF NEUSA BERNARDINA L MARQUES;42051452;2;0;1;0;0;0;0;1;0;0;0;1;97;17;-27.20658658;-52.22177833
Itá;4208005;EMEB JOAO HENRIQUE PILLE;42051517;2;0;1;0;0;0;0;1;0;0;0;0;121;18;-27.248294;-52.41095684
Itá;4208005;EEB GEN LIBERATO BITTENCOURT;42051720;1;0;1;0;0;0;1;0;0;0;0;0;188;19;-27.274525;-52.337728
Xavantina;4219606;CMEI CHAPEUZINHO VERMELHO;42051746;1;0;1;0;0;0;0;1;0;0;0;0;63;10;-27.07035282;-52.34051571
Xavantina;4219606;CMEI PALMEIRINHAS JI;42051762;2;0;1;0;0;0;0;1;0;0;0;0;46;10;-27.02003504;-52.33531678
Xavantina;4219606;EEB PROF LUIZ SANCHES B DA TRINDADE;42051770;1;0;1;0;0;0;1;0;0;0;0;1;180;15;-27.0704109;-52.339998
Xavantina;4219606;EEF DEPUTADO MASSOLINI;42051789;2;0;1;0;0;0;0;1;0;0;0;1;99;12;-27.0200405;-52.335097
Xavantina;4219606;EEF MEDIANEIRA;42051916;2;0;1;0;0;0;0;1;0;0;0;0;94;15;-27.01995197;-52.33509575
Xavantina;4219606;EEF PINHAL PRETO;42051940;1;0;1;0;0;0;0;1;0;0;0;0;87;12;-27.070203;-52.3405264
Florianópolis;4205407;CENTRO EDUCACIONAL TEMPO DE DESPERTAR LTDA;42052025;1;0;1;0;0;0;1;0;0;0;0;0;204;23;-27.67608473;-48.50036454
Chapecó;4204202;EEB SAAD ANTONIO SARQUIS;42052050;1;0;1;0;0;0;1;0;1;0;0;1;830;47;-27.06943;-52.6353
Cordilheira Alta;4204350;ESCOLA MUNICIPAL PREFEITO ALCEU MAZZIONI;42052068;2;0;1;0;0;0;0;1;0;0;0;1;97;8;-26.9704922;-52.6296704
Chapecó;4204202;EIEF FEN NO;42052076;2;2;1;0;0;0;0;0;1;0;1;1;192;24;-27.13075833;-52.53940333
Chapecó;4204202;EB MUN AGUA AMARELA;42052084;2;0;1;0;0;0;0;0;1;0;0;1;280;29;-27.16807843;-52.57245742
Chapecó;4204202;EB MUN ALIPIO JOSE DA ROSA;42052157;2;0;1;0;0;0;0;0;1;0;0;1;292;25;-27.06330833;-52.66586167
Chapecó;4204202;EB MUN LAJEADO LISO;42052165;2;0;1;0;0;0;0;1;0;0;0;1;59;10;-27.08678516;-52.54016985
Chapecó;4204202;EB MUN THEREZA GABOARDI BALDISSERA;42052181;1;0;1;0;0;0;0;0;1;0;0;1;596;45;-27.13868833;-52.60068
Chapecó;4204202;EEB BOM PASTOR;42052238;1;0;1;0;0;0;1;0;0;0;0;1;1927;96;-27.1101075;-52.6101309
Chapecó;4204202;EEB PROF LOURDES ANGELA SARTURI LAGO;42052246;1;0;1;0;0;0;1;0;1;0;0;0;838;50;-27.0775595;-52.6276523
Chapecó;4204202;EEB PROF ZELIA SCHARF;42052254;1;0;1;0;0;0;1;0;0;0;0;0;1419;79;-27.09213527;-52.61037451
Chapecó;4204202;EBM ALECIO ALEXANDRE CELLA;42052270;1;0;1;0;0;0;0;1;0;0;0;1;175;17;-26.99709;-52.64967
Cordilheira Alta;4204350;EEB CORDILHEIRA ALTA;42052289;1;0;1;0;0;0;1;0;0;0;0;1;260;28;-26.9849366;-52.602574
Chapecó;4204202;EEB PROF IRENE STONOGA;42052297;1;0;1;0;0;0;1;0;0;0;0;1;687;44;-27.0978254;-52.6026638
Chapecó;4204202;EEB SAO FRANCISCO;42052300;1;0;1;0;0;0;0;1;0;0;0;0;758;40;-27.13369833;-52.60115333
Blumenau;4202404;CEI IRMA MARIA CHRISTA PRULLAGE;42052343;1;0;1;0;0;0;1;0;0;0;0;1;170;27;-26.85135284;-49.11041298
Chapecó;4204202;EB MUN VILA RICA;42052360;1;0;1;0;0;0;0;0;1;0;0;1;224;20;-27.0391123;-52.6180669
Araranguá;4201406;COLEGIO ETHICOS LTDA;42052378;1;0;1;0;0;0;1;0;0;0;0;0;47;8;-28.9308744;-49.4793867
Chapecó;4204202;CEIM LEAOZINHO;42052440;1;0;1;0;0;0;0;0;1;0;0;1;183;11;-27.122143;-52.6169558
Navegantes;4211306;CMEI PROF MARIA CARLOTA VIEIRA;42052467;1;0;1;0;0;0;1;0;0;0;0;0;41;5;-26.8586843;-48.6501402
Chapecó;4204202;CEIM PEQUENO PRINCIPE;42052483;1;0;1;0;0;0;1;0;0;0;0;1;754;39;-27.0895174;-52.6065035
Joinville;4209102;CEI ANJOS DA TERRA;42052491;1;0;1;0;0;0;1;0;0;0;0;1;94;7;-26.29593;-48.85166
Guatambú;4206652;EEF AGILBERTO ZANDAVALLI;42052548;2;0;1;0;0;0;0;1;0;0;0;0;200;15;-27.0719964;-52.7610326
Chapecó;4204202;EB MUN PE JOSE ANCHIETA;42052556;1;0;1;0;0;0;0;0;1;0;0;1;451;41;-27.12469874;-52.61154176
Chapecó;4204202;EB MUN SEVERIANO ROLIN DE MOURA;42052564;1;0;1;0;0;0;0;0;1;0;0;1;554;49;-27.1167635;-52.6247425
Chapecó;4204202;EEB TANCREDO DE ALMEIDA NEVES;42052572;1;0;1;0;0;0;0;1;0;0;0;1;1092;66;-27.10030199;-52.67459071
Chapecó;4204202;EB MUN ASCENDINA BRASINHA DIAS;42052580;2;0;1;0;0;0;0;0;1;0;0;1;29;8;-27.22431692;-52.72448593
Chapecó;4204202;EB MUN DIOGO ALVES DA SILVA;42052599;1;0;1;0;0;0;0;0;1;0;0;1;833;56;-27.0993049;-52.6704064
Chapecó;4204202;EIEB SAPE TY KO;42052602;2;2;1;0;0;0;1;1;0;0;0;0;264;25;-27.2046398;-52.5620237
Chapecó;4204202;EB MUN OLIMPIO CORREA FIGUEIRO;42052700;1;0;1;0;0;0;0;0;1;0;0;1;477;42;-27.03624057;-52.62949778
Chapecó;4204202;EB MUN CRUZ E SOUSA;42052742;1;0;1;0;0;0;0;0;1;0;0;1;238;21;-27.07487649;-52.61776512
Chapecó;4204202;EB MUN LINHA ALMEIDA;42052840;2;0;1;0;0;0;0;0;1;0;0;1;24;8;-27.2387718;-52.74802509
Chapecó;4204202;EB MUN MIRIAN ELENA MEYER;42053161;1;0;1;0;0;0;0;0;1;0;0;1;493;40;-27.1297928;-52.6206394
Guatambú;4206652;ESCOLA MUNICIPAL LINHA KILLIAN;42053307;2;0;1;0;0;0;0;1;0;0;0;1;132;13;-27.09621667;-52.79747167
Chapecó;4204202;EB MUN GOIO EN;42053315;2;0;1;0;0;0;0;1;0;0;0;1;40;9;-27.2809754;-52.69128804
Chapecó;4204202;EB MUN RODEIO BONITO;42053382;2;0;1;0;0;0;0;0;1;0;0;1;36;8;-27.06081492;-52.5772409
Chapecó;4204202;EB MUN VILA REAL;42053463;1;0;1;0;0;0;0;0;1;0;0;1;457;40;-27.06827333;-52.60454833
Chapecó;4204202;EEB CORONEL ERNESTO BERTASO;42053471;1;0;1;0;0;0;0;1;0;0;0;0;549;39;-27.09384358;-52.63048897
Chapecó;4204202;COLEGIO MARISTA SAO FRANCISCO EI EF EM;42053480;1;0;1;0;0;0;1;1;0;0;1;1;1736;87;-27.103863;-52.6090045
Chapecó;4204202;EEB MARCOLINA RODRIGUES DA SILVA;42053498;2;0;1;0;0;0;0;0;1;0;0;0;579;38;-27.19273;-52.6488
Chapecó;4204202;EEB PROF VALESCA CARMEN RESK PARIZOTTO;42053501;1;0;1;0;0;0;0;1;0;0;0;0;1099;54;-27.09771127;-52.6351051
Chapecó;4204202;EBM PROF LUIZA SANTIN;42053510;1;0;1;0;0;0;0;0;1;0;0;0;425;28;-27.10903325;-52.60379473
Chapecó;4204202;EBM JACOB GISI;42053536;1;0;1;0;0;0;0;0;1;0;0;1;438;31;-27.09430775;-52.64587877
Chapecó;4204202;EBM LINHA CAMPINAS;42053544;2;0;1;0;0;0;0;0;1;0;0;1;197;23;-27.2351146;-52.6874004
Chapecó;4204202;EEB MARECHAL BORMANN;42053552;1;0;1;0;0;0;0;0;1;0;0;0;792;51;-27.1047942;-52.6131404
Chapecó;4204202;EB MUN RUI BARBOSA;42053560;1;0;1;0;0;0;1;0;0;0;0;1;329;35;-27.09867933;-52.62646818
Chapecó;4204202;EEB PEDRO MACIEL;42053587;1;0;1;0;0;0;0;1;0;0;0;1;1219;72;-27.10367855;-52.60437235
Chapecó;4204202;EEB PROF GENI COMEL;42053625;1;0;1;0;0;0;1;0;0;0;0;1;761;45;-27.10434418;-52.61274263
Chapecó;4204202;ESCOLA BASICA MUNICIPAL SEDE FIGUEIRA;42053633;2;0;1;0;0;0;0;0;1;0;0;1;129;23;-26.978304;-52.74609069
Nova Itaberaba;4211454;ESCOLA DO CAMPO EM TEMPO INTEGRAL BELA VISTA;42053692;2;0;1;0;0;0;0;1;0;0;0;1;118;12;-26.9866588;-52.8290082
Nova Itaberaba;4211454;EEB DR SERAFIN ENOSS BERTASO;42053870;1;0;1;0;0;0;0;1;0;0;0;0;324;27;-26.9433765;-52.8078142
Chapecó;4204202;EEB DRUZIANA SARTORI;42053889;1;0;1;0;0;0;1;0;0;0;0;1;1029;53;-27.1205941;-52.6173967
Chapecó;4204202;EEB PROF LIDIA GLUSTACK REMUS;42053897;2;0;1;0;0;0;0;1;0;0;0;1;96;18;-27.0311087;-52.7889279
Chapecó;4204202;EEB PROF NELSON HOROSTECKI;42053900;1;0;1;0;0;0;1;0;0;0;0;0;1282;58;-27.09846;-52.61998167
Chapecó;4204202;EEB ANTONIO MORANDINI;42053919;1;0;1;0;0;0;0;1;0;0;0;1;631;44;-27.109022;-52.6264433
Chapecó;4204202;EEB CORONEL LARA RIBAS;42053927;1;0;1;0;0;0;1;0;0;0;0;1;1237;69;-27.08040492;-52.61399488
Guatambú;4206652;EEB OLGA FIN TRAVI;42053935;1;0;1;0;0;0;0;0;1;0;0;1;679;46;-27.1319046;-52.7872879
Caxambu do Sul;4204103;JARDIM DE INFANCIA CHAPEUZINHO VERMELHO;42053951;1;0;1;0;0;0;0;1;0;0;0;0;29;6;-27.1581701;-52.8817759
Caxambu do Sul;4204103;EEF ADELE FACCIN ZANUZZO;42053960;2;0;1;0;0;0;1;1;0;0;0;1;62;12;-27.1359774;-52.912693
Planalto Alegre;4213153;ESC MUN PROFESSORA CLEUSA GUINDANI HUNTTMANN;42054010;1;0;1;0;0;0;0;0;1;0;0;0;191;12;-27.07048186;-52.86750841
Joinville;4209102;CRECHE CEI PROLE FELIZ LTDA ME;42054206;1;0;1;0;0;0;1;0;0;0;0;9;82;6;-26.36801;-48.82863
Planalto Alegre;4213153;EEB PROF LOURDES TONIN;42054281;1;0;1;0;0;0;0;0;1;0;0;1;248;25;-27.0735717;-52.86822
Caxambu do Sul;4204103;EEB CANDIDO RAMOS;42054290;1;0;1;0;0;0;0;0;1;0;1;0;316;26;-27.1589325;-52.8821498
Joinville;4209102;CEI ESPACO MAGICO;42054303;1;0;1;0;0;0;1;0;0;0;0;1;94;7;;
Águas de Chapecó;4200507;CEIM CINDERELA;42054320;1;0;1;0;0;0;0;1;0;0;0;1;209;20;-27.0763934;-52.9826561
Águas de Chapecó;4200507;ESCOLA MUNICIPAL PROFESSORA VENERANDA GIUSEPPINA RUARO SOLDATELLI;42054362;1;0;1;0;0;0;0;1;0;0;0;1;95;14;-27.0692719;-52.9836739
Águas de Chapecó;4200507;EEF MAIDANA;42054370;2;0;1;0;0;0;0;0;0;1;0;1;82;13;-26.99503286;-52.93245881
Águas de Chapecó;4200507;ESC MUN NS DAS GRACAS;42054443;2;0;1;0;0;0;0;1;0;0;1;1;44;9;-27.1143303;-53.0192105
Águas de Chapecó;4200507;ESC MUN ROSINA SCHEFFER HERMES;42054478;2;0;1;0;0;0;0;1;0;0;0;1;76;14;-27.06723123;-52.94211764
Águas de Chapecó;4200507;EEB IRINEU BORNHAUSEN;42054575;1;0;1;0;0;0;0;1;0;0;0;0;655;46;-27.0757663;-52.984664
Palmitos;4212106;EEB JORGE LACERDA;42054699;2;0;1;0;0;0;0;1;0;0;0;1;105;20;-27.136657;-53.251328
Palmitos;4212106;EEF SEDE OLDENBURG;42054702;2;0;1;0;0;0;1;1;0;0;0;1;120;12;-27.13861208;-53.12441062
Palmitos;4212106;NUCLEO EDUC MUN AVELINO ALVES TRICHES;42054710;2;0;1;0;0;0;0;0;1;0;1;1;100;20;-27.162877;-53.223754
Palmitos;4212106;N E M IDA HILDA CASELLA VIDORI;42054818;1;0;1;0;0;0;0;1;0;0;0;0;254;23;-27.0806651;-53.166976
Palmitos;4212106;NUCLEO EDUC MUN ALUINO KNAPP;42054826;2;0;1;0;0;0;0;1;0;0;1;0;95;16;-27.0003429;-53.177287
Palmitos;4212106;EEB FELISBERTO DE CARVALHO;42055237;1;0;1;0;0;0;1;0;0;0;0;0;504;39;-27.07675647;-53.16191358
Palmitos;4212106;EEB PRINCESA ISABEL;42055245;1;0;1;0;0;0;1;0;0;0;0;0;528;37;-27.0603121;-53.1565623
Joinville;4209102;COLEGIO SILOE;42055253;1;0;1;0;0;0;1;0;0;0;0;1;585;32;-26.31892;-48.85681
Florianópolis;4205407;CENTRO EDUCACIONAL VIVA VIDA;42055261;1;0;1;0;0;0;1;0;0;0;0;1;47;4;-27.67452;-48.50885
Caibi;4203105;EEB HUMBERTO DE ALENCAR CASTELO BRANCO;42055300;2;0;1;0;0;0;1;1;0;0;1;0;21;9;-26.9642042;-53.2121137
Caibi;4203105;EI ANITA GARIBALDI;42055520;2;0;1;0;0;0;0;1;0;0;0;0;28;7;-26.96415656;-53.21213914
Caibi;4203105;EEB DOM PEDRO II;42055539;1;0;1;0;0;0;1;1;0;0;0;0;640;42;-27.07377167;-53.24589667
Saudades;4217303;CEI PEQUENO PRINCIPE;42055555;1;0;1;0;0;0;0;1;0;0;0;0;253;8;-26.92712667;-52.99045833
Saudades;4217303;EEB CARLOS WERLANG;42055709;2;0;1;0;0;0;0;1;0;0;0;0;47;13;-26.914109;-53.1044461
Saudades;4217303;EEB RODOLFO FOSS;42055717;2;0;1;0;0;0;0;1;0;0;0;1;159;18;-26.82742847;-53.0919386
Saudades;4217303;EEB JOAO BATISTA FLECK;42055938;2;0;1;0;0;0;0;1;0;0;1;1;59;13;-26.89628189;-53.0517597
Saudades;4217303;EEB RODRIGUES ALVES;42055954;1;0;1;0;0;0;0;1;0;0;0;1;666;41;-26.92615621;-53.00344928
São Carlos;4216008;CEI MUN CRIANCA FELIZ;42055970;1;0;1;0;0;0;1;1;0;0;0;1;160;9;-27.0800519;-53.0037168
São Carlos;4216008;E M PROFESSOR MARIO XAVIER DOS SANTOS;42056071;2;0;1;0;0;0;0;0;1;0;1;1;176;20;-27.02732;-53.02746
Cunhataí;4204756;EEB NICOLAU SCHOENBERGER;42056080;1;0;1;0;0;0;0;1;0;0;1;1;257;25;-26.971515;-53.09386167
São Carlos;4216008;EEB DR CARLOS CULMEY;42056128;1;0;1;0;0;0;1;1;0;0;1;1;205;18;-27.08835911;-53.00339886
Cunhataí;4204756;EI MUN OSVIN SCHMITT;42056144;2;0;1;0;0;0;0;1;0;0;0;1;27;8;-26.9732093;-53.1236368
São Carlos;4216008;ESCOLA MUN PE NICOLAU GOUVERNEUR;42056276;1;0;1;0;0;0;0;0;1;0;0;1;195;17;-27.07809;-53.05578
São Carlos;4216008;EEB CARDEAL ARCOVERDE;42056322;1;0;1;0;0;0;0;0;1;0;1;0;794;42;-27.0792124;-53.0014161
São Carlos;4216008;ESCOLA MUNICIPAL PADRE JORGE ANNECKEN;42056330;2;0;1;0;0;0;0;0;1;0;1;0;152;19;;
Nova Erechim;4211405;CENTRO MUNICIPAL DE EDUCACAO INFANTIL RAIO DE SOL;42056365;1;0;1;0;1;0;0;1;0;0;0;1;300;18;-26.9028223;-52.9013736
Nova Erechim;4211405;EEB RUDOLFO LUZINA;42056470;1;0;1;0;0;0;0;1;0;0;0;0;370;27;-26.9014613;-52.9023771
Pinhalzinho;4212908;CEIM PEDRO SIMON;42056535;1;0;1;0;0;0;0;1;0;0;0;0;523;27;-26.84203301;-52.98589853
Pinhalzinho;4212908;ESCOLA MUNICIPAL DE ENSINO FUNDAMENTAL DOM JOSE GOMES;42056586;1;0;1;0;0;0;0;1;0;0;0;1;261;15;-26.85838669;-52.97761191
Pinhalzinho;4212908;EEB JOSE MARCOLINO ECKERT;42056756;1;0;1;0;0;0;0;0;1;0;0;0;1188;60;-26.84888551;-52.99386721
Pinhalzinho;4212908;EEB VENDELINO JUNGES;42056764;1;0;1;0;0;0;0;1;0;0;0;0;574;34;-26.8503798;-52.9839838
Modelo;4210902;JI CANTINHO ALEGRE;42056802;1;0;1;0;0;0;0;1;0;0;0;1;94;10;-26.78095179;-53.05434838
Bom Jesus do Oeste;4202578;CENTRO DE EDUCACAO INFANTIL CHAPEUZINHO VERMELHO;42056810;1;0;1;0;0;0;0;1;0;0;0;1;120;18;-26.6926826;-53.09635894
Modelo;4210902;CEI PEQUENO LAR;42056829;1;0;1;0;0;0;0;1;0;0;0;1;132;22;-26.77911088;-53.05435282
Bom Jesus do Oeste;4202578;EEB PROF SILVIO ROMERO;42056837;1;0;1;0;0;0;1;0;0;0;0;1;173;19;-26.6955962;-53.0958701
Modelo;4210902;EEB DOM HELDER CAMARA;42056853;1;0;1;0;0;0;0;0;1;0;0;0;323;37;-26.7766957;-53.0540107
Sul Brasil;4217758;EEB SAO JOAO BOSCO;42057043;2;0;1;0;0;0;0;0;1;0;0;0;46;12;-26.6959206;-52.9547459
Serra Alta;4217550;EEB LA SALLE;42057213;1;0;1;0;0;0;0;1;0;0;0;0;240;25;-26.72801994;-53.04495503
Sul Brasil;4217758;EEB HELIO WASUM;42057221;1;0;1;0;0;0;1;0;0;0;0;1;182;18;-26.73596115;-52.96466372
Coronel Freitas;4204400;ESCOLA MUNICIPAL CORONELZINHO;42057248;1;0;1;0;0;0;1;1;0;0;0;1;198;17;-26.91213568;-52.70158692
Coronel Freitas;4204400;CMEIEF CLUBE DO BOLINHA;42057256;1;0;1;0;0;0;1;1;0;0;0;1;182;17;-26.9030758;-52.7015449
Coronel Freitas;4204400;PRE CASULO - CAIRU;42057272;2;0;1;0;0;0;0;1;0;0;0;1;15;5;-26.9016428;-52.8388793
Coronel Freitas;4204400;EEF ARTUR DA COSTA E SILVA;42057310;2;0;1;0;0;0;0;1;0;0;1;0;29;9;-26.8228516;-52.7996426
Coronel Freitas;4204400;EEF PEDRO PAQUES;42057329;2;0;1;0;0;0;0;0;1;0;1;1;54;14;-26.9018584;-52.83902483
Coronel Freitas;4204400;EEF PROF EDVINO HUPPES;42057337;1;0;1;0;0;0;0;1;0;0;0;1;248;11;-26.90301146;-52.7017269
Jardinópolis;4208955;ESC NUCLEADA MUN CASTRO ALVES;42057558;1;0;1;0;0;0;0;1;0;0;0;1;112;9;-26.71973857;-52.86165918
Coronel Freitas;4204400;ESCOLA INTEGRAL MUNICIPAL SIMOES LOPES;42057663;2;0;1;0;0;0;0;1;0;0;0;1;127;15;-26.87699167;-52.74033333
Jardinópolis;4208955;EEB FAZENDA TRIANGULO;42057841;1;0;1;0;0;0;0;1;0;0;0;1;137;16;-26.71924509;-52.86051293
Coronel Freitas;4204400;EEB PROF DELIA REGIS;42057850;1;0;1;0;0;0;0;0;1;0;0;1;490;38;-26.9083402;-52.7007106
União do Oeste;4218855;EEB SAO LUIZ;42057868;1;0;1;0;0;0;0;1;0;0;0;1;218;20;-26.7657148;-52.8494548
Águas Frias;4200556;EEB SETE DE SETEMBRO;42057876;1;0;1;0;0;0;0;1;0;0;0;0;255;23;-26.88247;-52.8589708
Quilombo;4214201;ESCOLA MUN BRANCA DE NEVE;42057914;1;0;1;0;0;0;0;1;0;0;0;0;607;22;-26.73142226;-52.72573946
Quilombo;4214201;EEF NS DA SALETE;42057965;2;0;1;0;0;0;0;1;0;0;0;1;30;9;-26.7692518;-52.7598202
Quilombo;4214201;EEF PADRE BERNARDO;42057973;2;0;1;0;0;0;0;1;0;0;0;1;20;9;-26.6753957;-52.6198765
Irati;4207858;EEB PROF CELSO RILLA;42057981;1;0;1;0;0;0;0;1;0;0;0;1;160;20;-26.6575341;-52.8928471
Irati;4207858;EI MUN JACUTINGA;42058171;2;0;1;0;0;0;0;0;1;0;0;1;27;7;-26.62177306;-52.85837869
Quilombo;4214201;ESC MUN LAGEADO GARCIA;42058627;2;0;1;0;0;0;0;1;0;0;1;1;32;2;-26.76926552;-52.75981888
Quilombo;4214201;EEB PROF JUREMA SAVI MILANEZ;42058732;1;0;1;0;0;0;0;1;0;0;0;1;680;59;-26.7233907;-52.7200637
Formosa do Sul;4205431;EEB RUI BARBOSA;42058740;1;0;1;0;0;0;0;1;0;0;0;1;200;16;-26.6469683;-52.7898917
Santiago do Sul;4215695;EEB SAO TIAGO;42058759;1;0;1;0;0;0;0;1;0;0;0;1;131;13;-26.63580406;-52.67305454
São Lourenço do Oeste;4216909;EBM SAO FRANCISCO;42058775;1;0;1;0;0;0;0;1;0;0;0;1;269;18;-26.35687333;-52.83370667
São Lourenço do Oeste;4216909;EBM SANTA MARIA GORETTI;42058910;1;0;1;0;0;0;0;1;0;0;0;1;665;37;-26.352635;-52.84887167
São Lourenço do Oeste;4216909;EBM SANTA CATARINA;42058937;1;0;1;0;0;0;0;1;0;0;0;1;518;33;-26.36666;-52.85003
São Lourenço do Oeste;4216909;EBM SAO ROQUE;42059488;2;0;1;0;0;0;0;1;0;0;0;1;103;17;-26.50336167;-52.81585
São Lourenço do Oeste;4216909;EBM SANTA INES;42059518;2;0;1;0;0;0;0;1;0;0;0;1;77;14;-26.58477167;-52.8624
Novo Horizonte;4211652;EEB SANTA LUCIA;42059704;1;0;1;0;0;0;0;0;1;0;0;1;293;27;-26.44063003;-52.83736453
São Lourenço do Oeste;4216909;EEB SOROR ANGELICA;42059739;1;0;1;0;0;0;1;1;0;0;0;1;729;51;-26.3596221;-52.8530881
Florianópolis;4205407;CREEPI - CENTRO EDUCACIONAL DE PREPARACAO INTEGRADA;42059755;1;0;1;0;0;0;1;0;0;0;0;0;19;3;-27.58333;-48.52756
São Miguel do Oeste;4217204;EEB DR GUILHERME JOSE MISSEN;42059801;1;0;1;0;0;0;0;0;1;0;0;1;416;34;-26.7391105;-53.521783
Barra Bonita;4202099;EEB PROF CECILIA LOTIN;42059810;1;0;1;0;0;0;0;0;1;0;0;1;165;19;-26.65318667;-53.44176
São Miguel do Oeste;4217204;EEB SANTA RITA;42059828;1;0;1;0;0;0;1;1;0;0;0;1;111;17;-26.7648966;-53.4992793
Paraíso;4212239;ESC MUN TRES PASSOS;42059860;2;1;1;0;0;0;0;0;1;0;0;1;29;9;-26.7026;-53.64928
Barra Bonita;4202099;EB MUN OLAVO BILAC;42060273;2;0;1;0;0;0;0;1;0;0;0;1;56;11;-26.70690058;-53.42699796
São Miguel do Oeste;4217204;EMEIEF PE JOSE DE ANCHIETA;42060290;2;0;1;0;0;0;1;1;0;0;0;1;74;14;-26.7647568;-53.3971006
São Miguel do Oeste;4217204;EEB SAO MIGUEL;42060516;1;0;1;0;0;0;1;0;0;0;0;0;738;54;-26.7261247;-53.5226295
São Miguel do Oeste;4217204;COLEGIO JESUS MARIA JOSE;42060524;1;0;1;0;0;0;1;0;0;0;0;1;278;24;-26.7257;-53.51494
São Miguel do Oeste;4217204;COLEGIO LA SALLE PEPERI;42060532;1;0;1;0;0;0;1;0;0;0;0;1;631;43;-26.72516;-53.52509
Bandeirante;4202081;ESC MUN ANITA GARIBALDI;42060540;2;0;1;0;0;0;0;1;0;0;0;0;114;17;-26.78392058;-53.68816668
São Miguel do Oeste;4217204;EEB ALBERICO AZEVEDO;42060559;1;0;1;0;0;0;1;0;0;0;0;1;618;40;-26.740235;-53.5112028
São Miguel do Oeste;4217204;EEB PROF JALDYR BHERING F DA SILVA;42060567;1;0;1;0;0;0;0;1;0;0;0;1;459;36;-26.73425167;-53.50123333
Paraíso;4212239;EMEB PROFESSORA LURDETE PACHECO DEMARCO;42060575;2;0;1;0;0;0;0;1;0;0;0;1;70;18;;
Paraíso;4212239;EEB ADOLFO SILVEIRA;42060583;1;0;1;0;0;0;0;1;0;0;0;1;294;27;-26.6154451;-53.6746912
Bandeirante;4202081;EEB HELIO WASUM;42060591;1;0;1;0;0;0;0;0;1;0;1;0;97;15;;
São Miguel do Oeste;4217204;EMEIEF JOSE VERONESE;42060605;1;0;1;0;0;0;0;1;0;0;0;0;146;13;-26.7479943;-53.5085912
São Miguel do Oeste;4217204;EMEIEF MAR ARTHUR DA COSTA E SILVA;42060613;1;0;1;0;0;0;0;1;0;0;0;1;442;24;-26.7300213;-53.5312917
São Miguel do Oeste;4217204;INSTITUTO EDUCACIONAL CVE;42060621;1;0;1;0;0;0;1;0;0;0;0;1;215;26;-26.72444833;-53.51930667
Itapiranga;4208401;EMR SANTO ANTONIO;42060630;2;0;1;0;0;0;0;1;0;0;0;1;184;12;-27.07308;-53.7524
Florianópolis;4205407;CENTRO EDUC INFANTIL EDUCAR;42060656;1;0;1;0;0;0;1;0;0;0;0;0;87;10;-27.58931;-48.50181
Itapiranga;4208401;EMEI SAO VICENTE;42060680;1;0;1;0;0;0;1;0;0;0;0;1;273;15;-27.16973;-53.71378
Itapiranga;4208401;EEB HUMBERTO MACHADO;42060702;2;0;1;0;0;0;0;0;0;1;0;0;134;16;-27.0900177;-53.702518
Itapiranga;4208401;EEF PORTO NOVO;42060710;1;0;1;0;0;0;1;0;0;0;0;1;259;23;-27.17732695;-53.72113063
Itapiranga;4208401;EEB SANTO ANTONIO;42060729;2;0;1;0;0;0;0;1;0;0;0;1;153;15;-27.0733309;-53.752644
São João do Oeste;4216255;ESC DE ENSINO RURAL MINISTRO LUIZ GALLOTTI;42060770;2;0;1;0;0;0;0;1;0;0;0;1;56;7;;
Tunápolis;4218756;ESCOLA MUNICIPAL SAO PEDRO;42060788;2;0;1;0;0;0;0;1;0;0;0;1;21;5;-27.02459;-53.64797
Itapiranga;4208401;EMEI IRMA TABITA;42060796;2;0;1;0;0;0;0;0;1;0;0;1;60;6;;
Itapiranga;4208401;EEB SAO JOSE;42061083;2;0;1;0;0;0;0;1;0;0;1;0;82;19;-27.1808849;-53.6410459
Tunápolis;4218756;EEF LINHA PITANGUEIRA;42061091;2;0;1;0;0;0;0;1;0;0;0;1;96;16;;
São João do Oeste;4216255;EEB MADRE BENVENUTA;42061105;1;0;1;0;0;0;1;1;0;0;0;1;251;24;-27.0975907;-53.594448
São João do Oeste;4216255;EEB CRISTO REI;42061113;2;0;1;0;0;0;1;1;0;0;0;0;82;18;;
Tunápolis;4218756;EEB PE BALDUINO RAMBO;42061121;1;0;1;0;0;0;0;0;1;0;0;1;320;27;-26.9697537;-53.639922
Itapiranga;4208401;EEB SAO VICENTE;42061130;1;0;1;0;0;0;1;0;0;0;0;1;622;41;-27.1710783;-53.7123083
Itapiranga;4208401;EEF LUDGERO WIGGERS;42061148;2;0;1;0;0;0;0;1;0;0;1;1;32;12;-27.0319706;-53.7186407
São João do Oeste;4216255;EEF PADRE JOAO RICK;42061156;2;0;1;0;0;0;0;0;1;0;1;1;46;15;-27.0959646;-53.6413931
Itapiranga;4208401;COLEGIO SAGRADA FAMILIA;42061180;1;0;1;0;1;0;1;0;0;0;0;1;77;14;-27.1696;-53.71327
Maravilha;4210506;CEI CANTINHO FELIZ;42061202;1;0;1;0;0;0;0;1;0;0;0;1;87;10;-26.75854443;-53.16772416
Maravilha;4210506;CEI PEQUENO PRINCIPE;42061210;1;0;1;0;0;0;0;1;0;0;0;1;139;11;-26.77076465;-53.19160117
Maravilha;4210506;CEI BRANCA DE NEVE;42061229;1;0;1;0;0;0;0;1;0;0;0;1;124;7;-26.7587183;-53.17547177
Maravilha;4210506;CEI CRIANCA FELIZ;42061245;1;0;1;0;0;0;0;1;0;0;0;1;211;21;-26.7740576;-53.1901568
Maravilha;4210506;CEI PATRICIA ROMAN;42061253;1;0;1;0;0;0;0;1;0;0;0;1;73;8;-26.76762821;-53.17340415
São Miguel da Boa Vista;4217154;CEI PROINFANCIA PINTINHO AMARELO;42061270;1;0;1;0;0;0;0;1;0;0;0;1;106;13;-26.69314;-53.25440667
Maravilha;4210506;EEB JOAO XXIII;42061300;1;0;1;0;0;0;0;1;0;0;0;1;961;59;-26.771116;-53.188049
São Miguel da Boa Vista;4217154;EEB OSCAR MAJOLO;42061318;1;0;1;0;0;0;0;1;0;0;0;1;148;20;-26.6931448;-53.2555864
Tigrinhos;4217956;EEB OSVALDO FERREIRA DE MELLO;42061326;1;0;1;0;0;0;0;0;1;0;0;1;187;28;-26.67918;-53.14188833
Flor do Sertão;4205357;EEB JORGE LACERDA;42061342;1;0;1;0;0;0;0;1;0;0;0;1;147;15;-26.7787933;-53.3469161
Maravilha;4210506;EEB SANTA TEREZINHA;42061350;1;0;1;0;0;0;0;1;0;0;0;1;426;32;-26.7575151;-53.1649622
Maravilha;4210506;EEB NS DA SALETE;42061857;1;0;1;0;0;0;0;1;0;0;0;1;1049;64;-26.76696672;-53.17369722
Dionísio Cerqueira;4205001;PE CINDERELA;42061890;2;0;1;0;0;0;0;1;0;0;1;1;16;3;-26.34744619;-53.57325867
Dionísio Cerqueira;4205001;PE OS TRES PORQUINHOS;42061911;1;0;1;0;0;0;1;0;0;0;0;1;52;6;-26.26496562;-53.62298548
Dionísio Cerqueira;4205001;ESC MUN DE EDUC INF E ENS FUND PINGO DE GENTE;42061920;1;0;1;0;0;0;1;0;0;0;0;1;237;15;-26.26027804;-53.63570393
Florianópolis;4205407;CENTRO EDUC JARDIM DOS LIMOES LTDA;42061946;1;0;1;0;0;0;1;0;0;0;0;1;23;3;-27.6061;-48.5285
Dionísio Cerqueira;4205001;EEB DR THEODURETO DE FARIA SOUTO;42061954;1;0;1;0;0;0;1;1;0;0;0;1;724;45;-26.2592278;-53.6344185
Dionísio Cerqueira;4205001;EEF PROF DALILO QUINTINO PEREIRA;42061962;2;0;1;0;0;0;0;0;1;0;0;1;65;10;-26.3474534;-53.5732979
Dionísio Cerqueira;4205001;EEB JACOB MARAN;42061970;2;0;1;0;0;0;0;1;0;0;0;0;120;16;-26.3487941;-53.6628774
Dionísio Cerqueira;4205001;EEB PROF MARIA DA GLORIA MATTOS;42061989;2;0;1;0;0;0;0;0;1;0;1;0;207;25;-26.2982962;-53.54445864
Dionísio Cerqueira;4205001;ESC MUN JACOB MARAN;42062209;1;0;1;0;0;0;0;1;0;0;0;1;180;12;-26.2764175;-53.6311854
Dionísio Cerqueira;4205001;EI VILA MARINA;42062438;2;0;1;0;0;0;0;1;0;0;1;1;69;9;-26.2965553;-53.4528825
Dionísio Cerqueira;4205001;EEB GOV IRINEU BORNHAUSEN;42062470;1;0;1;0;0;0;0;0;1;0;0;0;253;25;-26.26422173;-53.61862656
Dionísio Cerqueira;4205001;EMEF CASTRO ALVES;42062489;1;0;1;0;0;0;1;1;0;0;0;1;444;22;-26.2601132;-53.6348494
Romelândia;4215208;PE BARQUINHO AMARELO;42062500;2;0;1;0;0;0;0;1;0;0;1;0;16;4;-26.6683469;-53.3171531
Romelândia;4215208;PE BRANCA DE NEVE;42062519;2;0;1;0;0;0;0;1;0;0;0;1;7;4;-26.67963475;-53.32020669
Romelândia;4215208;EEF ANITA GARIBALDI;42062560;2;0;1;0;0;0;0;1;0;0;0;0;65;11;-26.6553761;-53.3549593
Romelândia;4215208;EEB PROF HERMINIO HEUSI DA SILVA;42062578;1;0;1;0;0;0;0;1;0;0;0;0;357;27;-26.67740107;-53.31551426
Romelândia;4215208;EEB PROF JOAO ROMARIO MOREIRA;42062586;2;0;1;0;0;0;0;0;1;0;1;0;39;10;-26.61374281;-53.23777652
Anchieta;4200804;JARDIM DE INFANCIA MENINO JESUS;42062950;2;0;1;0;0;0;0;0;1;0;0;1;21;2;-26.5437608;-53.39584295
Anchieta;4200804;JARDIM DE INFANCIA PEQUENO PRINCIPE;42062969;2;0;1;0;0;0;0;0;1;0;0;1;7;2;;
Anchieta;4200804;EEF JOAO CAFE FILHO;42062977;2;0;1;0;0;0;0;1;0;0;1;0;89;11;-26.49153225;-53.27759395
Anchieta;4200804;ESC MUN DE ENS FUND XAVANTES;42063000;1;0;1;0;0;0;0;0;1;0;0;1;205;17;-26.5274831;-53.3139589
Barra Bonita;4202099;EI AGUAS DO ARACA;42063019;2;0;1;0;0;0;0;1;0;0;0;1;42;8;-26.6223262;-53.4153841
Anchieta;4200804;ESCOLA ISOLADA MUNICIPAL Nº 21;42063183;2;0;1;0;0;0;0;0;1;0;0;1;10;4;;
Anchieta;4200804;EEB PROF OSNI PAULINO DA SILVA;42063302;1;0;1;0;0;0;0;0;1;0;0;0;233;30;-26.5346929;-53.3313473
Cunha Porã;4204707;CEI CRIANCA FELIZ;42063337;1;0;1;0;0;0;0;1;0;0;0;0;119;12;-26.8938;-53.17589
Florianópolis;4205407;CENTRO EDUC TRIANGULO CATARINENSE;42063345;1;0;1;0;0;0;1;0;0;0;0;1;52;6;-27.59471167;-48.59243667
Cunha Porã;4204707;CEI ALICE SILVA WINCKLER;42063353;1;0;1;0;0;0;0;0;1;0;0;0;135;10;-26.8969;-53.16977
Iraceminha;4207759;PE AS ESTRELINHAS;42063361;2;0;1;0;0;0;0;1;0;0;0;1;28;3;-26.86229207;-53.34950473
Iraceminha;4207759;PE CRIANCA SORRISO;42063418;2;0;1;0;0;0;0;1;0;0;0;1;24;3;-26.82976445;-53.32413227
Iraceminha;4207759;CEI PROINFANCIA MONICA;42063434;1;0;1;0;0;0;0;1;0;0;0;0;153;21;-26.82144045;-53.26934108
Cunha Porã;4204707;CEI RECANTO DOS AMIGUINHOS;42063442;2;0;1;0;0;0;0;0;1;0;1;0;11;5;-26.88477;-53.23525
Cunha Porã;4204707;EEB PROF PATRICIO JOAO DE OLIVEIRA;42063469;1;0;1;0;0;0;1;0;0;0;0;1;611;44;-26.8970954;-53.1698889
Iraceminha;4207759;EEF PROF BALBINO MARTINS;42063477;2;0;1;0;0;0;0;1;0;0;0;0;63;10;-26.8686562;-53.382498
Cunha Porã;4204707;EEF TIRADENTES;42063485;1;0;1;0;0;0;0;1;0;0;0;0;218;16;-26.89362;-53.17643
Iraceminha;4207759;EEB PROF MANUEL DE FREITAS TRANCOSO;42063493;1;0;1;0;0;0;0;1;0;0;0;1;307;39;-26.8248589;-53.273453
Iraceminha;4207759;EEF LINHA BIGUA;42063507;2;0;1;0;0;0;0;1;0;0;1;0;56;10;-26.82945458;-53.32394632
Cunha Porã;4204707;EEF TUPINAMBA;42063515;2;0;1;0;0;0;1;1;0;0;1;0;72;15;-26.88486562;-53.23537604
São José do Cedro;4216701;JARDIM DE INFANCIA PADRE REUS;42063965;2;0;1;0;0;0;0;0;1;0;1;1;30;5;-26.48584386;-53.67306015
São José do Cedro;4216701;JI BRANCA DE NEVE;42063981;2;0;1;0;0;0;0;1;0;0;1;1;24;4;-26.50638386;-53.62497871
São José do Cedro;4216701;CENTRO MUNICIPAL DE EDUCACAO GIRASSOL;42064066;1;0;1;0;0;0;0;1;0;0;0;1;867;48;-26.45707586;-53.50049679
Florianópolis;4205407;CENTRO EDUC LUGAR DE CRIANCA;42064090;1;0;1;0;0;0;1;0;0;0;0;1;21;5;-27.7002878;-48.5391698
Florianópolis;4205407;ESCOLA DO PARQUE LTDA ME;42064112;1;0;1;0;0;0;1;0;0;0;0;1;124;16;-27.59523368;-48.49840981
São José do Cedro;4216701;EEF OSNI MEDEIROS REGIS;42064139;2;0;1;0;0;0;0;1;0;0;1;0;66;13;-26.50421572;-53.62539242
São José do Cedro;4216701;EEF PE REUS;42064147;2;0;1;0;0;0;0;0;1;0;1;0;50;9;-26.4875225;-53.6717858
São José do Cedro;4216701;EEB SERAFIM BERTASO;42064155;2;0;1;0;0;0;0;1;0;0;1;0;144;18;-26.4460995;-53.4066077
São José do Cedro;4216701;ESC MUN DE 1 GRAU STO ISIDORO;42064414;1;0;1;0;0;0;0;1;0;0;0;1;84;16;-26.45198557;-53.49164961
São José do Cedro;4216701;ESC MUN 1 GRAU NOVO SARANDI;42064465;2;0;1;0;0;0;0;1;0;0;1;1;64;9;-26.48760092;-53.67165366
São José do Cedro;4216701;EEB CEDRENSE;42064600;1;0;1;0;0;0;1;0;0;0;0;0;522;44;-26.4558667;-53.5020985
Princesa;4214151;EEB ANTENOR NASCENTES;42064619;1;0;1;0;0;0;0;1;0;0;0;1;272;23;-26.4433804;-53.5983137
São José do Cedro;4216701;EEB SAO JOSE;42064627;1;0;1;0;0;0;1;0;0;0;0;0;192;17;-26.4521271;-53.4920002
Guarujá do Sul;4206603;EDUCACAO INF PROFº BALDUINO ANTONIO HECK;42064635;1;0;1;0;0;0;0;1;0;0;0;1;108;9;-26.38774437;-53.52757227
Guarujá do Sul;4206603;ED INF CLEMENTE CONTE;42064660;2;0;1;0;0;0;0;1;0;0;0;1;22;3;-26.40288468;-53.50654199
Guarujá do Sul;4206603;EEB PROF ELZA MANCELOS DE MOURA;42064805;1;0;1;0;0;0;1;1;0;0;1;1;124;24;-26.38711139;-53.53290008
Florianópolis;4205407;CEI CRIANCA CRIANCA;42064848;1;0;1;0;0;0;1;0;0;0;0;1;60;4;;
Florianópolis;4205407;CURSOS E COLEGIO COQUEIROS LTDA ME;42064856;1;0;1;0;0;0;1;0;0;0;0;1;360;28;-27.60926;-48.57659
Florianópolis;4205407;ESCOLA WALDORF ARANDU;42064872;1;0;1;0;0;0;1;0;0;0;0;1;234;20;-27.64851569;-48.47525171
Florianópolis;4205407;CASA DOS GIRASSOIS;42064880;1;0;1;0;0;0;1;0;0;0;0;1;;;-27.59272;-48.53868
Joinville;4209102;DOCE MEL RECREACAO E EDUCACAO INFANTIL LTDA-ME;42064899;1;0;1;0;0;0;1;0;0;0;0;1;99;6;-26.29586;-48.90474
Florianópolis;4205407;CENTRO DE EDUCACAO ACAO E EXPRESSAO;42064902;1;0;1;0;0;0;1;0;0;0;0;1;325;28;-27.48477217;-48.41361959
Mondaí;4211009;ESCOLA DE EDUCACAO BASICA MUNICIPAL LAJU;42064910;2;0;1;0;0;0;0;1;0;0;0;1;156;15;;
Iporã do Oeste;4207650;EEB SAO LOURENCO;42064929;2;0;1;0;0;0;0;1;0;0;0;1;148;23;-27.03326149;-53.50876901
Iporã do Oeste;4207650;EEB PADRE VENDELINO SEIDEL;42064937;1;0;1;0;0;0;0;1;0;0;0;1;666;56;-26.9902268;-53.5350536
Mondaí;4211009;EEB PE VENDELINO JUNGES;42064945;2;0;1;0;0;0;0;1;0;0;1;1;65;9;-27.1770508;-53.5366079
Mondaí;4211009;ER LINHA TAIPA;42064953;2;0;1;0;0;0;0;1;0;0;1;1;70;11;;
Florianópolis;4205407;CENTRO DE EDUCACAO INFANTIL ACALANTO LTDA;42065119;1;0;1;0;0;0;1;0;0;0;0;1;20;4;-27.58357;-48.52421
Balneário Camboriú;4202008;CEI QUINTAL MAGICO;42065224;1;0;1;0;0;0;1;0;0;0;0;1;189;10;-26.96039;-48.64257
Itajaí;4208203;CE PEDRO RIZZI;42065470;1;0;1;0;0;0;1;1;0;0;0;1;1229;58;-26.92264644;-48.69450735
Balneário Camboriú;4202008;ESCOLA BILINGUE SEMEAR;42065550;1;0;1;0;0;0;1;0;0;0;0;1;147;17;;
Mondaí;4211009;EEB DELMINDA SILVEIRA;42065577;1;0;1;0;0;0;0;0;1;0;0;0;379;28;-27.1045727;-53.4014381
Riqueza;4215075;EEF EULINA ALVES DE GOUVEIA MARCELINO;42065585;2;0;1;0;0;0;1;1;0;0;1;1;71;11;-26.99523833;-53.34394167
Riqueza;4215075;EEB PROF GENOVEVA DALLA COSTA;42065593;1;0;1;0;0;0;0;1;0;0;0;1;384;33;-27.06931;-53.3269
Santa Terezinha do Progresso;4215687;PE CANARINHO ALEGRE;42065658;2;0;1;0;0;0;0;0;1;0;0;0;10;4;-26.5864944;-53.1464196
Santa Terezinha do Progresso;4215687;PE FLORZINHA DO CAMPO;42065682;2;0;1;0;0;0;0;1;0;0;0;0;16;4;-26.55802751;-53.19298165
Campo Erê;4203501;CEI BALAO MAGICO;42065704;2;0;1;0;0;0;0;1;0;0;1;1;38;5;-26.51211561;-53.10415995
Saltinho;4215356;PE PATINHO FEIO;42065712;2;0;1;0;0;0;0;1;0;0;0;0;14;3;-26.56626421;-53.03285611
Saltinho;4215356;EEB SAO DONATO;42065771;2;0;1;0;0;0;0;1;0;0;0;0;30;9;-26.56649;-53.03283
Campo Erê;4203501;EEB RAUL POMPEIA;42065780;1;0;1;0;0;0;1;1;0;0;0;0;572;43;-26.39028999;-53.0804606
São Bernardino;4215752;EEB SAO BERNARDINO;42065798;1;0;1;0;0;0;0;0;0;1;0;1;213;22;-26.4735693;-52.9653971
Saltinho;4215356;NUCLEO ESCOLAR MUNICIPAL VACUM;42066239;2;0;1;0;0;0;0;1;0;0;0;0;54;7;-26.56650802;-53.0328394
Campo Erê;4203501;CENTRO EDUCACIONAL MUNICIPAL NOSSA SENHORA DE FATIMA;42066301;2;0;1;0;0;0;0;1;0;0;0;1;32;4;-26.51223643;-53.10412114
Capivari de Baixo;4203956;CEI CANTINHO DOS ANJOS;42066336;1;0;1;0;0;0;1;0;0;0;0;0;89;7;-28.4477927;-48.96051006
Palhoça;4211900;IFSC - CAMPUS PALHOCA BILINGUE;42066670;1;0;1;0;0;0;1;0;0;0;0;1;414;40;-27.63008;-48.6889
Santa Terezinha do Progresso;4215687;EEB SANTA TEREZINHA;42066735;1;0;1;0;0;0;0;0;1;0;0;0;216;14;-26.6191429;-53.1964982
Saltinho;4215356;EEB EMILIA BOOS LAUS SCHMIDT;42066743;1;0;1;0;0;0;0;1;0;0;0;0;276;29;-26.60749558;-53.05813182
Campo Erê;4203501;EEB EMILIO GARRASTAZU MEDICI;42066751;1;0;1;0;0;0;1;1;0;0;0;1;402;33;-26.39725407;-53.08569056
Caçador;4203006;IFSC - CAMPUS CACADOR;42066760;1;0;1;0;0;0;1;1;0;0;0;1;299;30;-26.77955288;-51.03936848
Palma Sola;4212007;JI MENINO DEUS;42066778;1;0;1;0;0;0;0;1;0;0;0;1;150;9;-26.34850583;-53.27599692
Palma Sola;4212007;PE PEQUENO PRINCIPE;42066808;2;0;1;0;0;0;0;1;0;0;0;1;37;3;-26.37852626;-53.34683058
Palma Sola;4212007;EEB CATHARINA SEGER;42066824;2;0;1;0;0;0;0;1;0;0;1;0;88;12;-26.37791;-53.34779667
Palma Sola;4212007;EEB CLAUDINO CRESTANI;42067111;1;0;1;0;0;0;0;0;1;0;0;0;565;41;-26.34565192;-53.27953016
Palma Sola;4212007;NUCLEO DE ENS FUND CASTRO ALVES;42067120;2;0;1;0;0;0;0;1;0;0;0;0;71;6;-26.36753339;-53.36751052
Capinzal;4203907;EM BELISARIO PENA;42067154;1;0;1;0;0;0;0;1;0;0;0;0;350;17;-27.3466464;-51.6076269
Santa Helena;4215554;EMEB CINDERELA;42067162;1;0;1;0;0;0;0;1;0;0;0;1;299;21;-26.93861;-53.62101
Belmonte;4202156;JI ESTRELINHA;42067189;2;0;1;0;0;0;0;1;0;0;0;1;11;5;-26.87668573;-53.57743603
Belmonte;4202156;CENTRO MUNICIPAL DE EDUCACAO INFANTIL PINGO DE OURO;42067197;1;0;1;0;0;0;0;1;0;0;0;1;134;13;-26.8766908;-53.57756933
Descanso;4204905;EEB ITAJUBA;42067200;2;0;1;0;0;0;1;1;0;0;0;1;152;24;;
Joaçaba;4209003;COLEGIO CONEXAO;42067260;1;0;1;0;0;0;1;0;0;0;0;1;202;18;-27.17400945;-51.50429057
Belmonte;4202156;ESCOLA MUN BELA UNIAO;42067286;2;0;1;0;0;0;0;1;0;0;0;1;15;7;-26.8302163;-53.6263299
Descanso;4204905;ESCOLA BASICA MUNICIPAL CACHOEIRINHA;42067316;2;0;1;0;0;0;0;1;0;0;1;1;102;15;-26.8704352;-53.4420085
Descanso;4204905;EEB EVERARDO BACKHEUSER;42067804;1;0;1;0;0;0;0;0;1;0;0;0;381;30;-26.82226945;-53.50100878
Belmonte;4202156;EEB PROF FRANCISCO BRASINHA DIAS;42067812;1;0;1;0;0;0;0;1;0;0;1;0;197;17;-26.84505426;-53.57690387
Santa Helena;4215554;EEB SANTA HELENA;42067820;1;0;1;0;0;0;0;0;1;0;0;0;164;19;-26.938386;-53.6213012
Descanso;4204905;COLEGIO UNICAMPO;42067839;1;0;1;0;0;0;0;1;0;0;0;0;50;8;-26.82150467;-53.49927731
Barra Velha;4202107;CEI PROFª CELIA MULLER CUBAS;42067847;1;0;1;0;0;0;0;1;0;0;0;0;244;24;-26.6218884;-48.7123903
Ponte Serrada;4213401;CEI CANTINHO DO SABER;42067863;1;0;1;0;0;0;1;0;0;0;0;1;113;6;-26.8588057;-52.0330556
Guaraciaba;4206405;EEB JULIO VICENTE DE PELEGRIN;42067871;2;0;1;0;0;0;0;1;0;0;0;0;24;12;-26.5427292;-53.5188142
Guaraciaba;4206405;EEB OURO VERDE;42067880;2;0;1;0;0;0;0;1;0;0;0;0;38;11;-26.5348026;-53.6871617
Guaraciaba;4206405;EEB SARA CASTELHANO KLEINKAUF;42067898;1;0;1;0;0;0;1;1;0;0;0;0;375;41;-26.60121941;-53.52412295
Guaraciaba;4206405;EEB NEREU DE OLIVEIRA RAMOS;42068282;2;0;1;0;0;0;0;1;0;0;0;1;43;11;-26.55675309;-53.57721116
Grão-Pará;4206108;CEI RIO PEQUENO;42068290;2;0;1;0;0;0;0;0;1;0;0;1;21;4;-28.22253599;-49.19909599
Itajaí;4208203;CEI NOSSA SENHORA DE LOURDES;42068312;1;0;1;0;0;0;1;0;0;0;0;1;79;9;-26.9251023;-48.653146
Itajaí;4208203;CEI ANNINHA LINHARES DE MIRANDA;42068320;1;0;1;0;0;0;1;0;0;0;0;1;122;12;-26.9051964;-48.6864481
Itajaí;4208203;CEI ANTONIETA MOREIRA DOS SANTOS;42068339;1;0;1;0;0;0;1;0;0;0;0;1;164;13;-26.89071092;-48.67376122
Itajaí;4208203;CEI EUCLIDES CIRIACO MEIRINHO;42068347;1;0;1;0;0;0;1;0;0;0;0;1;48;8;-26.91981704;-48.69248551
Itajaí;4208203;CEI AMELIA MULLER DOS REIS;42068355;1;0;1;0;0;0;1;0;0;0;0;1;194;13;-26.8794118;-48.695017
Itajaí;4208203;CEI ANA DA SILVA FONTES;42068371;1;0;1;0;0;0;1;0;0;0;0;1;252;21;-26.8919087;-48.6943134
Itajaí;4208203;CEI ELIZABETH MALBURG;42068380;1;0;1;0;0;0;1;0;0;0;0;1;144;15;-26.89172688;-48.68347376
Itajaí;4208203;CEI LAUSIMAR LAUS;42068401;1;0;1;0;0;0;1;0;0;0;0;1;155;13;-26.8923371;-48.6980887
Itajaí;4208203;CEI ANTONIO MERLO;42068410;2;0;1;0;0;0;1;0;0;0;0;1;157;11;-27.0332225;-48.8541275
Itajaí;4208203;CEI MARIANA GRACIOLA;42068428;1;0;1;0;0;0;0;0;1;0;0;1;184;16;-26.9483673;-48.6421983
Itajaí;4208203;CEI PADRE JACOB;42068436;1;0;1;0;0;0;1;1;0;0;0;1;126;11;-26.9042511;-48.6968112
Itajaí;4208203;CEI ROSINHA DE SOUZA;42068444;1;0;1;0;0;0;1;0;0;0;0;1;163;15;-26.8859167;-48.7021933
Itajaí;4208203;CEI SAGRADA FAMILIA;42068452;1;0;1;0;0;0;0;1;0;0;0;1;124;14;-26.9287388;-48.6449316
Itajaí;4208203;CEI VER HELUIZ ANTONIO MORAES GONZAGA;42068479;1;0;1;0;0;0;0;1;0;0;0;1;213;15;-26.9035532;-48.66945563
Itajaí;4208203;CENTRO EDUCACIONAL MEU CANTINHO LTDA;42068517;1;0;1;0;0;0;1;0;0;0;0;1;66;9;-26.922269;-48.6786186
Itajaí;4208203;C E PINGUINHO LTDA;42068525;1;0;1;0;0;0;1;0;0;0;0;1;50;6;-26.9116;-48.66016
Itajaí;4208203;EEB XV DE JUNHO;42068541;1;0;1;0;0;0;1;0;0;0;0;1;873;59;-26.9289802;-48.6945158
Itajaí;4208203;EB PREFEITO ALBERTO WERNER;42068550;1;0;1;0;0;0;0;0;1;0;0;1;369;29;-26.9327046;-48.68762
Itajaí;4208203;EB PROFº MARTINHO GERVASI;42068584;2;0;1;0;0;0;0;1;0;0;0;1;315;20;-27.0307621;-48.8012372
Itajaí;4208203;COLEGIO ADVENTISTA DE ITAJAI;42068606;1;0;1;0;0;0;1;0;0;0;0;1;1349;55;-26.90976833;-48.66447333
Itajaí;4208203;EB DE CAMPO MARIA DO CARMO VIEIRA;42068622;2;0;1;0;0;0;1;0;0;0;0;1;296;22;-26.9659649;-48.7502144
Itajaí;4208203;CEI CANDIDA VARGAS;42068630;1;0;1;0;0;0;1;0;0;0;0;1;95;13;-26.9289072;-48.6329282
Itajaí;4208203;EEB DEP NILTON KUCKER;42068649;1;0;1;0;0;0;0;1;0;0;0;0;802;56;-26.9069451;-48.6715719
Itajaí;4208203;EEM PROF HENRIQUE DA SILVA FONTES;42068657;1;0;1;0;0;0;1;0;0;0;0;1;604;40;-26.9008;-48.67974
Itajaí;4208203;COLEGIO CENECISTA PEDRO ANTONIO FAYAL;42068665;1;0;1;0;0;0;1;0;0;0;0;0;364;31;-26.90775;-48.66804
Itajaí;4208203;COLEGIO DE APLICACAO UNIVALI;42068673;1;0;1;0;0;0;1;0;0;0;0;1;1834;112;-26.91409;-48.66115
Itajaí;4208203;EEB NEREU RAMOS;42068681;1;0;1;0;0;0;1;0;0;0;0;0;362;43;-26.92167;-48.65377
Itajaí;4208203;COLEGIO SALESIANO ITAJAI;42068690;1;0;1;0;0;0;1;0;0;0;0;1;1653;81;-26.90749;-48.65782
Itajaí;4208203;ACBNL COLEGIO SAO JOSE;42068703;1;0;1;0;0;0;0;0;1;0;0;1;1373;84;-26.90356268;-48.66196991
Itajaí;4208203;EEB CARLOS FANTINI;42068711;1;0;1;0;0;0;1;0;0;0;0;0;539;32;-27.0358053;-48.8577914
Itajaí;4208203;EEB PROF HENRIQUE MIDON;42068720;1;0;1;0;0;0;1;0;0;0;0;0;543;36;-26.8932079;-48.681535
Itajaí;4208203;EB PROF MARIA DUTRA GOMES;42068738;1;0;1;0;0;0;1;0;0;0;0;1;650;39;-26.91887729;-48.67853724
São João do Oeste;4216255;CRECHE MUN KINDER HAUS;42068754;1;0;1;0;0;0;0;1;0;0;0;1;148;13;;
Itajaí;4208203;EB ANIBAL CESAR;42068762;1;0;1;0;0;0;1;0;0;0;0;1;1497;60;-26.9021763;-48.6880848
Itajaí;4208203;EB JOSE POTTER;42068770;1;0;1;0;0;0;0;1;0;0;0;1;653;30;-26.8964777;-48.7203616
Itajaí;4208203;EB MARECHAL OLIMPIO FALCONIERI DA CUNHA;42068789;1;0;1;0;0;0;1;0;0;0;0;1;1342;56;-26.9033544;-48.6967093
Itajaí;4208203;EB PROFª JUDITH DUARTE DE OLIVEIRA;42068797;1;0;1;0;0;0;1;0;0;0;0;1;387;23;-26.9425564;-48.7212198
Itajaí;4208203;EB ANTONIO RAMOS;42068800;1;0;1;0;0;0;0;0;1;0;0;1;867;38;-26.8868659;-48.6978466
Itajaí;4208203;EB AVELINO WERNER;42068819;1;0;1;0;0;0;1;0;0;0;0;1;713;34;-26.9089076;-48.6769815
Itajaí;4208203;EB CIVICO MILITAR MELVIN JONES;42068827;1;0;1;0;0;0;1;0;0;0;0;1;1419;53;-26.8832014;-48.70164
Itajaí;4208203;GE CARLOS DE PAULA SEARA;42068835;1;0;1;0;0;0;1;0;0;0;0;1;235;13;-26.9178585;-48.669522
Itajaí;4208203;GE GUILHERMINA BUCHELE MULLER;42068843;1;0;1;0;0;0;1;0;0;0;0;1;290;17;-26.9257737;-48.6520316
Itajaí;4208203;EB YOLANDA LAURINDO ARDIGO;42068851;1;0;1;0;0;0;1;0;0;0;0;1;263;26;-26.9483289;-48.6424051
Itajaí;4208203;EB ARNALDO BRANDAO;42068860;1;0;1;0;0;0;1;0;0;0;0;1;517;36;-26.88811482;-48.6771177
Itajaí;4208203;EB ELIAS ADAIME;42068878;1;0;1;0;0;0;1;0;0;0;0;1;803;41;-26.91776958;-48.69251034
Itajaí;4208203;EB FRANCISCO CELSO MAFRA;42068886;1;0;1;0;0;0;1;0;0;0;0;1;476;25;-26.945505;-48.7415049
Itajaí;4208203;EB JOAO DUARTE;42068894;1;0;1;0;0;0;1;0;0;0;0;1;721;35;-26.89877874;-48.67985717
Itajaí;4208203;EB JOAO PAULO II;42068908;1;0;1;0;0;0;1;0;0;0;0;1;1276;57;-26.9005886;-48.7046285
Itajaí;4208203;EB PE PEDRO BARON;42068916;1;0;1;0;0;0;1;1;0;0;0;1;653;33;-26.8830998;-48.6969269
Itajaí;4208203;GE ELISA GESSELE ORSI;42068924;1;0;1;0;0;0;1;0;0;0;0;1;149;16;-26.9295748;-48.6432579
Itajaí;4208203;CEI VER OTAVIO CESARIO PEREIRA;42068932;1;0;1;0;0;0;1;0;0;0;0;1;328;22;-26.8727544;-48.7030263
Itajaí;4208203;EI DUQUE DE CAXIAS;42068959;2;0;1;0;0;0;0;0;1;0;0;1;70;12;-27.0060307;-48.8370707
Itajaí;4208203;CEI JOAO VIEIRA RAMOS;42068975;1;0;1;0;0;0;1;0;0;0;0;1;117;13;-26.8497874;-48.7227335
Itajaí;4208203;GE JORGE DOMINGOS GONZAGA;42068983;2;0;1;0;0;0;1;0;1;0;0;1;121;10;-26.9057027;-48.7316432
Itajaí;4208203;EB PADRE JOSE DE ANCHIETA;42068991;2;0;1;0;0;0;0;1;0;0;0;1;223;23;-26.97501082;-48.69401655
Itajaí;4208203;CEI LUIZ SILVERIO VIEIRA;42069009;2;0;1;0;0;0;1;1;0;0;0;1;40;6;-26.9810129;-48.7984203
Itajaí;4208203;EI MARIA PERPETUA PEREIRA;42069017;2;0;1;0;0;0;0;1;0;0;0;1;129;14;-26.9967602;-48.7694285
Itajaí;4208203;EB GASPAR DA COSTA MORAES;42069041;1;0;1;0;0;0;1;1;0;0;0;1;829;37;-26.9247629;-48.6498632
Itajaí;4208203;EB MANSUETO TRES;42069050;1;0;1;0;0;0;1;1;0;0;0;1;595;39;-26.8963091;-48.6843551
Itajaí;4208203;EEF FRANCISCO DE PAULA SEARA;42069068;1;0;1;0;0;0;1;0;0;0;0;1;694;53;-26.9156;-48.67071
Itajaí;4208203;EEB PROF PEDRO PAULO PHILIPPI;42069076;1;0;1;0;0;0;1;0;0;0;0;0;304;24;-26.9159715;-48.6663074
Itajaí;4208203;EEB PAULO BAUER;42069084;1;0;1;0;0;0;1;0;0;0;0;0;844;53;;
Itajaí;4208203;EEM VICTOR MEIRELLES;42069092;1;0;1;0;0;0;1;0;0;0;0;0;784;42;;
Itajaí;4208203;EB PROFª MARIA JOSE HULSE PEIXOTO;42069106;1;0;1;0;0;0;0;0;1;0;0;1;963;46;-26.8787221;-48.7003611
Itajaí;4208203;EB PROFª EDY VIEIRA W ROTHBARTH;42069114;1;0;1;0;0;0;1;0;0;0;0;1;695;35;-26.8694616;-48.7313267
Itajaí;4208203;GE PROF MARIA NILZA FERREIRA EVARISTO;42069122;2;0;1;0;0;0;0;1;0;0;0;1;410;14;-26.8895366;-48.7569423
Itajaí;4208203;EM ROSA NEGREIROS CABRAL;42069149;2;0;1;0;0;0;1;0;0;0;0;1;241;13;-26.8578934;-48.742948
Itajaí;4208203;EB PROFª THEREZA BEZERRA DE ATHAYDE;42069157;1;0;1;0;0;0;1;0;0;0;0;1;1115;46;-26.8882971;-48.7352621
Itajaí;4208203;EEB DOM AFONSO NIEHUES;42069165;1;0;1;0;0;0;1;0;0;0;0;0;947;56;-26.88781;-48.69421
Ilhota;4207106;CEI VOVO JUCA;42069173;1;0;1;0;0;0;1;0;0;0;0;0;103;10;-26.902645;-48.82608
Ilhota;4207106;CEI TIA LOLI;42069181;1;0;1;0;0;0;0;1;0;0;0;0;161;11;-26.85942068;-48.77299651
Ilhota;4207106;ESCOLA M MULTISSERIADA PEDRO TEIXEIRA DE MELO;42069190;2;0;1;0;0;0;0;0;1;0;0;1;52;5;-26.82200708;-48.95526236
Penha;4212502;CENTRO DE ED PETER PAN - CEPP LTDA;42069335;1;0;1;0;0;0;1;0;0;0;0;0;330;27;-26.78058;-48.63582
Ilhota;4207106;CEI MARIA TEREZINHA HAMMES SCHMITZ;42069343;2;0;1;0;0;0;0;1;0;0;0;1;75;6;-26.80576444;-48.8891358
Ilhota;4207106;ESC MUN JOSE ELIAS DE OLIVEIRA;42069360;2;0;1;0;0;0;0;0;1;0;0;1;432;19;-26.939022;-48.84494253
Ilhota;4207106;CEI MUN TIA FLOR;42069386;2;0;1;0;0;0;1;0;0;0;0;1;55;5;-26.8769773;-48.8397171
Ilhota;4207106;EEB MARCOS KONDER;42069408;1;0;1;0;0;0;1;1;0;0;0;1;1084;50;-26.90441071;-48.83008249
Ilhota;4207106;EEB VALERIO GOMES;42069416;1;0;1;0;0;0;0;1;0;0;0;1;449;29;-26.8519977;-48.7708004
Ilhota;4207106;ESC MUN DOMINGOS JOSE MACHADO;42069424;1;0;1;0;0;0;1;0;0;0;0;0;763;29;-26.91151006;-48.81572216
Navegantes;4211306;COLEGIO NAVEGANTES FERREIRA PISKE;42069432;1;0;1;0;0;0;1;0;0;0;0;1;472;21;-26.89256;-48.65704
Navegantes;4211306;CEM PROFESSORA BADIA DE FARIA;42069467;2;0;1;0;0;0;1;0;0;0;0;1;244;21;-26.8482025;-48.7505157
Navegantes;4211306;EB MUN PROFª VILNA CORREA PRETTI;42069475;1;0;1;0;0;0;1;0;0;0;0;1;979;50;-26.8792366;-48.6753532
Navegantes;4211306;PRE ESCOLA MUNICIPAL PROFª NAZIR RODRIGUES REBELLO;42069483;1;0;1;0;0;0;1;0;0;0;0;0;142;7;-26.887728;-48.6591478
Navegantes;4211306;EEB PROF PAULINA GAYA;42069491;1;0;1;0;0;0;1;0;0;0;0;0;535;34;-26.8791215;-48.67798
Navegantes;4211306;EEB SAO JOSE;42069505;1;0;1;0;0;0;0;0;0;1;0;0;306;28;;
Navegantes;4211306;ESC MUN PROF ILKA MULLER DE MELLO;42069513;1;0;1;0;0;0;1;0;0;0;0;0;525;31;-26.8381413;-48.630979
Navegantes;4211306;EI PROF VERGINA GUEDES LEMOS;42069521;2;0;1;0;0;0;0;1;0;0;0;0;132;8;-26.7757497;-48.787683
Navegantes;4211306;ESC MUN PROFª MARIA TEREZA LEAL;42069530;2;0;1;0;0;0;1;0;0;0;0;1;285;15;-26.82925487;-48.73677728
Navegantes;4211306;ESCOLA MUNICIPAL PROFª ROSA MARIA XAVIER DE ARAUJO;42069548;1;0;1;0;0;0;1;0;0;0;0;0;1111;58;-26.8643983;-48.6419767
Navegantes;4211306;ESCOLA MUNICIPAL PROFESSORA IDILIA MACHADO FERREIRA;42069564;1;0;1;0;0;0;1;0;0;0;0;1;198;14;-26.8506545;-48.6606146
Navegantes;4211306;EEB PROF JULIA MIRANDA DE SOUZA;42069580;1;0;1;0;0;0;1;0;0;0;0;1;1240;67;-26.89566;-48.65771
Navegantes;4211306;ESCOLA MUNICIPAL IZILDA REISER MAFRA;42069599;1;0;1;0;0;0;1;0;0;0;0;1;246;16;-26.8596478;-48.7147085
Navegantes;4211306;EEB PROF IRENE ROMAO;42069602;1;0;1;0;0;0;1;1;0;0;0;1;446;33;-26.906118;-48.6459485
Navegantes;4211306;EEB ADELAIDE KONDER;42069610;1;0;1;0;0;0;1;1;0;0;0;0;880;53;-26.86251;-48.68754
Penha;4212502;CEI PROFESSORA ORLANDINA BENTO MENDES;42069645;1;0;1;0;0;0;1;0;0;0;0;0;157;15;-26.82014546;-48.62362566
Penha;4212502;EEB PROF EDITH PRATES GONCALVES;42069688;1;0;1;0;0;0;0;1;0;0;0;0;471;35;-26.81856;-48.65159
Penha;4212502;EEB PROF JOAO BATISTA PAIVA;42069696;1;0;1;0;0;0;1;1;0;0;0;0;650;28;;
Penha;4212502;EEB ANTONIO ROCHA ANDRADE;42069700;1;0;1;0;1;0;1;0;0;0;0;0;714;44;-26.82012;-48.62078
Penha;4212502;GEM RAQUEL FIGUEREDO DE ASSIS;42069718;1;0;1;0;0;0;1;1;0;0;0;0;365;17;-26.79341114;-48.6082634
Penha;4212502;ESCOLA MUNICIPAL DE ENSINO INFANTIL E FUNDAMENTAL ANTONIO JOAQUIM TAVARES;42069726;1;0;1;0;0;0;0;0;1;0;0;0;77;8;-26.81926918;-48.68269134
Penha;4212502;EIM CIPRIANO SILVINO CUSTODIO;42069734;1;0;1;0;0;0;0;1;0;0;0;0;162;10;-26.8070652;-48.646646
Penha;4212502;EBM JOAO ANTONIO PINTO;42069742;1;0;1;0;0;0;0;1;0;0;0;0;708;31;-26.80409476;-48.61109435
Penha;4212502;EBM JOAO BATISTA DA CRUZ;42069750;1;0;1;0;0;0;0;1;0;0;0;0;367;20;-26.79950169;-48.63257603
Penha;4212502;CEI JULIO CORREA DE MELLO;42069769;1;0;1;0;0;0;0;1;0;0;0;0;25;5;;
Penha;4212502;EIM MARIA EMILIA DA COSTA;42069777;1;0;1;0;0;0;1;0;0;0;0;0;136;8;-26.8243636;-48.6104227
Penha;4212502;EIM SAO NICOLAU;42069785;1;0;1;0;0;0;1;0;0;0;0;0;49;7;-26.83903963;-48.70707751
Penha;4212502;GEM ANTONIO JOSE TIAGO;42069793;1;0;1;0;0;0;0;1;0;0;0;0;548;23;-26.78652286;-48.65264561
Penha;4212502;EEB MANOEL HENRIQUE DE ASSIS;42069807;1;0;1;0;0;0;0;1;0;0;0;0;879;60;-26.77127;-48.64787
Balneário Camboriú;4202008;NEI BOM SUCESSO;42069823;1;0;1;0;0;0;1;0;0;0;0;1;133;23;-27.0090497;-48.5976232
Balneário Camboriú;4202008;N E I CRISTO LUZ;42069831;1;0;1;0;0;0;1;0;0;0;0;1;102;11;-27.0049421;-48.6323565
Balneário Camboriú;4202008;N E I SONHO DE CRIANCA;42069840;1;0;1;0;0;0;1;0;0;0;0;1;164;43;-26.98108;-48.64942
Balneário Camboriú;4202008;N E I PAO E MEL;42069858;1;0;1;0;0;0;1;0;0;0;0;0;213;22;-27.00682;-48.62996
Balneário Camboriú;4202008;COLEGIO RAIZES;42069874;1;0;1;0;0;0;1;0;0;0;0;1;302;25;-26.97057;-48.63798
Balneário Camboriú;4202008;N E I ANJO DA GUARDA;42069920;1;0;1;0;0;0;1;0;0;0;0;1;195;46;-27.00897;-48.62632
Balneário Camboriú;4202008;N E I CARROSSEL;42069939;1;0;1;0;0;0;1;0;0;0;0;1;181;15;-26.98506;-48.64152
Balneário Camboriú;4202008;CEM NOVA ESPERANCA;42069947;1;0;1;0;0;0;1;0;0;0;0;1;1031;42;-27.0272008;-48.6114944
Balneário Camboriú;4202008;C E M TOMAZ FRANCISCO GARCIA;42069955;1;0;1;0;0;0;1;0;0;0;0;1;528;26;-27.0078656;-48.6422978
Balneário Camboriú;4202008;EEB RUIZELIO CABRAL;42069971;1;0;1;0;0;0;1;0;0;0;0;1;358;20;-27.0275;-48.61185
São Miguel do Oeste;4217204;CEI CIRANDA DA ALEGRIA;42069980;1;0;1;0;0;0;1;0;0;0;0;1;276;27;-26.7263813;-53.523172
Balneário Camboriú;4202008;C E M DO ESTALEIRO;42070007;1;0;1;0;0;0;0;1;0;0;0;1;82;8;-27.0316;-48.59066
Balneário Camboriú;4202008;C E M TAQUARAS;42070023;1;0;1;0;0;0;1;0;0;0;0;0;183;15;-27.01053;-48.58006
Balneário Camboriú;4202008;EEB PRES JOAO GOULART;42070040;1;0;1;0;0;0;1;0;0;0;0;1;1156;80;-26.99265;-48.63547
Balneário Camboriú;4202008;CEM PROF ARMANDO CESAR GHISLANDI;42070058;1;0;1;0;0;0;1;0;0;0;0;0;972;39;-27.0100088;-48.6267072
Balneário Camboriú;4202008;EEB PROF FRANCISCA ALVES GEVAERD;42070066;1;0;1;0;0;0;1;0;0;0;0;1;334;22;-27.0093361;-48.6006556
Balneário Camboriú;4202008;EEB PROF MARIA DA GLORIA PEREIRA;42070074;1;0;1;0;0;0;1;0;0;0;0;1;816;54;-27.0043359;-48.6241268
Balneário Camboriú;4202008;C E M GOVERNADOR IVO SILVEIRA;42070082;1;0;1;0;0;0;1;0;0;0;0;1;698;31;-26.9956338;-48.651076
Balneário Camboriú;4202008;CEM PRESIDENTE MEDICI;42070090;1;0;1;0;0;0;1;0;0;0;0;1;970;38;-26.9766096;-48.6469257
Balneário Camboriú;4202008;C E M PROF ANTONIO LUCIO;42070104;1;0;1;0;0;0;1;1;0;0;0;1;860;38;-26.98116131;-48.65021248
Camboriú;4203204;CEI ODETE RAMOS POLTRONIERI;42070147;1;0;1;0;0;0;1;0;0;0;0;1;257;9;-27.0200299;-48.6475443
Camboriú;4203204;JI PADRE SERGIO MAYKOT;42070155;1;0;1;0;0;0;1;0;0;0;0;1;171;11;-27.0214989;-48.6532108
Vitor Meireles;4219358;ESCOLA MUNICIPAL BARRA DA PRATA;42070163;1;0;1;0;0;0;0;1;0;0;0;1;30;6;-26.7078203;-49.83525839
Camboriú;4203204;EEB PREF AMADIO DALAGO;42070171;1;0;1;0;0;0;0;1;0;0;0;0;659;49;-27.0369182;-48.6468644
Camboriú;4203204;EBM DOMINGOS FONSECA;42070180;1;0;1;0;0;0;1;0;0;0;0;1;659;22;-27.0065086;-48.6597589
Camboriú;4203204;GEM PROFESSOR JOAQUIM MAGALHAES;42070198;1;0;1;0;0;0;1;0;0;0;0;1;611;22;-27.0433059;-48.6337451
Camboriú;4203204;EBM PROFESSORA CLOTILDE RAMOS CHAVES;42070201;1;0;1;0;0;0;1;0;0;0;0;1;1701;55;-27.034946;-48.6591055
Camboriú;4203204;ESCOLA DE CAMPO PROFESSOR HERCILIO ZIMMERMANN;42070210;2;0;1;0;0;0;1;0;0;0;0;1;49;5;-27.1050872;-48.6996091
Camboriú;4203204;GEM ANDRONICO PEREIRA;42070287;1;0;1;0;0;0;1;0;0;0;0;0;505;27;-27.0174333;-48.6367297
Camboriú;4203204;ESCOLA DE CAMPO LAGEADO;42070317;2;0;1;0;0;0;1;0;0;0;0;0;37;5;-27.0877433;-48.7458684
Camboriú;4203204;ESCOLA DE CAMPO ADOLFO OVIDIO COPPI;42070368;2;0;1;0;0;0;1;0;0;0;0;1;39;5;-27.009271;-48.712783
Camboriú;4203204;EEB PROF JOSE ARANTES;42070384;1;0;1;0;0;0;1;0;0;0;0;0;1020;54;-27.02308;-48.65066
Camboriú;4203204;EEB PROF MARIA TEREZINHA GARCIA;42070392;1;0;1;0;0;0;1;1;0;0;0;0;634;43;-26.9986506;-48.6602703
Camboriú;4203204;IFC - CAMPUS CAMBORIU;42070406;1;0;1;0;0;0;0;1;0;0;0;1;958;95;-27.01603368;-48.65889821
Porto Belo;4213500;NDI CLUBE DO CEBOLINHA;42070449;1;0;1;0;0;0;1;0;0;0;0;1;217;27;-27.15747776;-48.54231784
